<?xml version="1.0" encoding="UTF-8"?>

<objectGridConfig
	xmlns:xsi="http://www.w3.org/2001/XMLSchema-instance"
	xsi:schemaLocation="file:///opt/IBM/WXS/ObjectGrid/resources/schemas/objectGrid.xsd"
	xmlns="http://ibm.com/ws/objectgrid/config">

	<objectGrids>
		<objectGrid name="PricerGrid"
			securityEnabled="false"
			>
			<backingMap name="Validation"
				copyMode="COPY_TO_BYTES"
				lockStrategy="OPTIMISTIC"
				/>
			<backingMap name="Customer"
				copyMode="COPY_TO_BYTES"
				pluginCollectionRef="CustomerPlugins"
				lockStrategy="OPTIMISTIC"
				/>
			<backingMap name="Coupon"
				copyMode="COPY_TO_BYTES"
				pluginCollectionRef="CouponPlugins"
				lockStrategy="OPTIMISTIC"
				/>
			<backingMap name="Product"
				copyMode="COPY_TO_BYTES"
				pluginCollectionRef="ProductPlugins"
				lockStrategy="OPTIMISTIC"
				/>
			<backingMap name="Offer"
				copyMode="COPY_TO_BYTES"
				pluginCollectionRef="OfferPlugins"
				lockStrategy="OPTIMISTIC"
				/>

			<querySchema>
				<mapSchemas>
					<mapSchema
						mapName="Customer"
						valueClass="com.ibm.sdwet.pricer.object.Customer"
						accessType="FIELD"/>
					<mapSchema
						mapName="Coupon"
						valueClass="com.ibm.sdwet.pricer.object.Coupon"
						accessType="FIELD"/>
					<mapSchema
						mapName="Product"
						valueClass="com.ibm.sdwet.pricer.object.Product"
						accessType="FIELD"/>
					<mapSchema
						mapName="Offer"
						valueClass="com.ibm.sdwet.pricer.object.Offer"
						accessType="FIELD"/>
				</mapSchemas>	
			</querySchema>
			
		</objectGrid>
	</objectGrids>

	<backingMapPluginCollections>
		<backingMapPluginCollection id="CustomerPlugins">
			<bean id="MapIndexPlugin" 
				className="com.ibm.websphere.objectgrid.plugins.index.HashIndex"
				>
				<property
					name="Name" type="java.lang.String" value="Customer ID"
					description="The Customer name"
					/>
				<property name="AttributeName" type="java.lang.String" value="id"
					/>
				<property
					name="FieldAccessAttribute" type="boolean" value="true"
					/>
			</bean>
		</backingMapPluginCollection>
		<backingMapPluginCollection id="CouponPlugins">
			<bean id="MapIndexPlugin" 
				className="com.ibm.websphere.objectgrid.plugins.index.HashIndex"
				>
				<property
					name="Name" type="java.lang.String" value="Coupon ID"
					description="The Coupon's Customer name"
					/>
				<property name="AttributeName" type="java.lang.String" value="customerId"
					/>
				<property
					name="FieldAccessAttribute" type="boolean" value="true"
					/>
			</bean>
		</backingMapPluginCollection>
		<backingMapPluginCollection id="ProductPlugins">
			<bean id="MapIndexPlugin" 
				className="com.ibm.websphere.objectgrid.plugins.index.HashIndex"
				>
				<property
					name="Name" type="java.lang.String" value="Product ID"
					description="The Product's name"
					/>
				<property name="AttributeName" type="java.lang.String" value="id"
					/>
				<property
					name="FieldAccessAttribute" type="boolean" value="true"
					/>
			</bean>
		</backingMapPluginCollection>
		<backingMapPluginCollection id="OfferPlugins">
			<bean id="MapIndexPlugin" 
				className="com.ibm.websphere.objectgrid.plugins.index.HashIndex"
				>
				<property
					name="Name" type="java.lang.String" value="Offer ID"
					description="The Offer's Product name"
					/>
				<property name="AttributeName" type="java.lang.String" value="productId"
					/>
				<property
					name="FieldAccessAttribute" type="boolean" value="true"
					/>
			</bean>
		</backingMapPluginCollection>
	</backingMapPluginCollections>
	
</objectGridConfig>
