<?xml version="1.0" encoding="UTF-8"?>
<deploymentPolicy
	xmlns:xsi="http://www.w3.org/2001/XMLSchema-instance"
	xsi:schemaLocation="C:\Program Files\IBM\WebSphere\eXtremeScale\ObjectGrid\resources\schemas\deploymentPolicy.xsd"
	xmlns="http://ibm.com/ws/objectgrid/deploymentPolicy" >

	<objectgridDeployment objectgridName="PricerGrid" >
		<mapSet name="PricerMapSet"
			numberOfPartitions="6"
			minSyncReplicas="0"
			maxSyncReplicas="0"
			maxAsyncReplicas="0"
			developmentMode="true"
			placementStrategy="FIXED_PARTITIONS"
			>
			<map ref="Validation"/>
			<map ref="Customer"/>
			<map ref="Coupon"/>
			<map ref="Product"/>
			<map ref="Offer"/>
		</mapSet>
		
	</objectgridDeployment>

</deploymentPolicy>

